StartDate,EndDate,Status,IPAddress,Progress,Duration (in seconds),Finished,RecordedDate,ResponseId,RecipientLastName,RecipientFirstName,RecipientEmail,ExternalReference,LocationLatitude,LocationLongitude,DistributionChannel,UserLanguage,Q2,Q3,Q5_1,Q5_2,Q5_3,Q5_4,Q5_5,Q5_6,Q5_7,Q5_8,Q5_9,Q5_10,Q7_1,Q7_2,Q7_3,Q7_4,Q7_5,Q7_6,Q7_7,Q7_8,Q7_9,Q7_10,Q7_11,Q7_12,Q7_13,Q7_14,Q7_15,Q11,Q12,Q13,Q14,Q15,Q16,Q17,Q18,Q19,Q20,Q21,Q22,Q26,Q27,Q31,Q35,Q36,Q40,Q44,Q45,Q49,Q50_1,Q50_2,Q50_3,Q52,Q53,Q54,Q55,Q56,Q57,Q58,Q59,Q61,Q62,Q63,Q64,Q65,Q66,Q67,Q67_3_TEXT,Q68,Q69,Q71,Q72,Q73,Q74,Q75,Q75_8_TEXT,Q76,Q76_8_TEXT,Q77,Q78,Q79,Q80,Q81,Q81_11_TEXT,Q82,Q83,Q84,Q85,Q86,Q87,Q88,SC0,SC1
Start Date,End Date,Response Type,IP Address,Progress,Duration (in seconds),Finished,Recorded Date,Response ID,Recipient Last Name,Recipient First Name,Recipient Email,External Data Reference,Location Latitude,Location Longitude,Distribution Channel,User Language,Participant ID:,Group ID:,"Please rate the following 10 items on a 6-point scale ranging from ""Strongly disagree"" (1) to ""Strongly agree"" (6). - 1. I usually try to find a couple of good options and then choose between them.","Please rate the following 10 items on a 6-point scale ranging from ""Strongly disagree"" (1) to ""Strongly agree"" (6). - 2. At some point I need to make a decision about things.","Please rate the following 10 items on a 6-point scale ranging from ""Strongly disagree"" (1) to ""Strongly agree"" (6). - 3. In life I try to make the most of whatever path I take.","Please rate the following 10 items on a 6-point scale ranging from ""Strongly disagree"" (1) to ""Strongly agree"" (6). - 4. There are usually several good options in a decision situation.","Please rate the following 10 items on a 6-point scale ranging from ""Strongly disagree"" (1) to ""Strongly agree"" (6). - 5. I try to gain plenty of information before I make a decision, but then I go ahead and make it.","Please rate the following 10 items on a 6-point scale ranging from ""Strongly disagree"" (1) to ""Strongly agree"" (6). - 6. Good things can happen even when things don’t go right at first.","Please rate the following 10 items on a 6-point scale ranging from ""Strongly disagree"" (1) to ""Strongly agree"" (6). - 7. I can’t possibly know everything before making a decision.","Please rate the following 10 items on a 6-point scale ranging from ""Strongly disagree"" (1) to ""Strongly agree"" (6). - 8. All decisions have pros and cons.","Please rate the following 10 items on a 6-point scale ranging from ""Strongly disagree"" (1) to ""Strongly agree"" (6). - 9. I know that if I make a mistake in a decision that I can go “back to the drawing board.”","Please rate the following 10 items on a 6-point scale ranging from ""Strongly disagree"" (1) to ""Strongly agree"" (6). - 10. I accept that life often has uncertainty.","This questionnaire consists of several statements about your spatial and navigational abilities, preferences, and experiences. After each statement, you should select a number to indicate your level of agreement with the statement. Select ""1"" if you Strongly disagree that the statement applies to you, or select ""7"" if you Strongly agree, or some number in between if you agreement is intermediate. Select ""4"" if you neither disagree nor agree. - I am very good at giving directions.","This questionnaire consists of several statements about your spatial and navigational abilities, preferences, and experiences. After each statement, you should select a number to indicate your level of agreement with the statement. Select ""1"" if you Strongly disagree that the statement applies to you, or select ""7"" if you Strongly agree, or some number in between if you agreement is intermediate. Select ""4"" if you neither disagree nor agree. - I have a poor memory for where I left things.","This questionnaire consists of several statements about your spatial and navigational abilities, preferences, and experiences. After each statement, you should select a number to indicate your level of agreement with the statement. Select ""1"" if you Strongly disagree that the statement applies to you, or select ""7"" if you Strongly agree, or some number in between if you agreement is intermediate. Select ""4"" if you neither disagree nor agree. - I am very good at judging distances.","This questionnaire consists of several statements about your spatial and navigational abilities, preferences, and experiences. After each statement, you should select a number to indicate your level of agreement with the statement. Select ""1"" if you Strongly disagree that the statement applies to you, or select ""7"" if you Strongly agree, or some number in between if you agreement is intermediate. Select ""4"" if you neither disagree nor agree. - My ""sense of direction"" is very good.","This questionnaire consists of several statements about your spatial and navigational abilities, preferences, and experiences. After each statement, you should select a number to indicate your level of agreement with the statement. Select ""1"" if you Strongly disagree that the statement applies to you, or select ""7"" if you Strongly agree, or some number in between if you agreement is intermediate. Select ""4"" if you neither disagree nor agree. - I tend to think of my environment in terms of cardinal directions (N, S, E, W).","This questionnaire consists of several statements about your spatial and navigational abilities, preferences, and experiences. After each statement, you should select a number to indicate your level of agreement with the statement. Select ""1"" if you Strongly disagree that the statement applies to you, or select ""7"" if you Strongly agree, or some number in between if you agreement is intermediate. Select ""4"" if you neither disagree nor agree. - I can easily get lost in a new city.","This questionnaire consists of several statements about your spatial and navigational abilities, preferences, and experiences. After each statement, you should select a number to indicate your level of agreement with the statement. Select ""1"" if you Strongly disagree that the statement applies to you, or select ""7"" if you Strongly agree, or some number in between if you agreement is intermediate. Select ""4"" if you neither disagree nor agree. - I enjoy reading maps.","This questionnaire consists of several statements about your spatial and navigational abilities, preferences, and experiences. After each statement, you should select a number to indicate your level of agreement with the statement. Select ""1"" if you Strongly disagree that the statement applies to you, or select ""7"" if you Strongly agree, or some number in between if you agreement is intermediate. Select ""4"" if you neither disagree nor agree. - I have trouble understanding directions.","This questionnaire consists of several statements about your spatial and navigational abilities, preferences, and experiences. After each statement, you should select a number to indicate your level of agreement with the statement. Select ""1"" if you Strongly disagree that the statement applies to you, or select ""7"" if you Strongly agree, or some number in between if you agreement is intermediate. Select ""4"" if you neither disagree nor agree. - I am very good at reading maps.","This questionnaire consists of several statements about your spatial and navigational abilities, preferences, and experiences. After each statement, you should select a number to indicate your level of agreement with the statement. Select ""1"" if you Strongly disagree that the statement applies to you, or select ""7"" if you Strongly agree, or some number in between if you agreement is intermediate. Select ""4"" if you neither disagree nor agree. - I don't remember routes very well while riding as a passenger in a car.","This questionnaire consists of several statements about your spatial and navigational abilities, preferences, and experiences. After each statement, you should select a number to indicate your level of agreement with the statement. Select ""1"" if you Strongly disagree that the statement applies to you, or select ""7"" if you Strongly agree, or some number in between if you agreement is intermediate. Select ""4"" if you neither disagree nor agree. - I don't enjoy giving directions.","This questionnaire consists of several statements about your spatial and navigational abilities, preferences, and experiences. After each statement, you should select a number to indicate your level of agreement with the statement. Select ""1"" if you Strongly disagree that the statement applies to you, or select ""7"" if you Strongly agree, or some number in between if you agreement is intermediate. Select ""4"" if you neither disagree nor agree. - It's not important to me to know where I am.","This questionnaire consists of several statements about your spatial and navigational abilities, preferences, and experiences. After each statement, you should select a number to indicate your level of agreement with the statement. Select ""1"" if you Strongly disagree that the statement applies to you, or select ""7"" if you Strongly agree, or some number in between if you agreement is intermediate. Select ""4"" if you neither disagree nor agree. - I usually let someone else do the navigational planning for long trips.","This questionnaire consists of several statements about your spatial and navigational abilities, preferences, and experiences. After each statement, you should select a number to indicate your level of agreement with the statement. Select ""1"" if you Strongly disagree that the statement applies to you, or select ""7"" if you Strongly agree, or some number in between if you agreement is intermediate. Select ""4"" if you neither disagree nor agree. - I can usually remember a new route after I have traveled it only once.","This questionnaire consists of several statements about your spatial and navigational abilities, preferences, and experiences. After each statement, you should select a number to indicate your level of agreement with the statement. Select ""1"" if you Strongly disagree that the statement applies to you, or select ""7"" if you Strongly agree, or some number in between if you agreement is intermediate. Select ""4"" if you neither disagree nor agree. - I don't have a good ""mental map"" of my environment.",What is your primary goal for the mission?,What are the two types of victims you will rescue?,How long will the GREEN victims survive in each mission?,How long will the YELLOW victims survive until they die?,Which of the following statements are FALSE? (Mark all that apply),How much time do you have for each mission?,How many victims in total are in the building?,How many YELLOW victims are in the building?,How many points are the YELLOW victims worth?,How many points are the GREEN victims worth?,The device beeps once when:,The device beeps twice when:,Do you have a plan about how to achieve your goal in mission 1?,Please briefly explain your selected choice in the previous question.,How hard did you have to work to accomplish your level of performance in mission 1?,Do you have a plan about how to achieve your goal in mission 2?,Please briefly explain your selected choice in the previous question.,How hard did you have to work to accomplish your level of performance in this mission 2?,Do you have a plan about how to achieve your goal in mission 3?,Please briefly explain your selected choice in the previous question.,How hard did you have to work to accomplish your level of performance in this mission 3?,"Please rate the relative workload of the three missions you have completed. (0 = not applicable, 1 = extremely low, 7 = extremely high) - Mission 1","Please rate the relative workload of the three missions you have completed. (0 = not applicable, 1 = extremely low, 7 = extremely high) - Mission 2","Please rate the relative workload of the three missions you have completed. (0 = not applicable, 1 = extremely low, 7 = extremely high) - Mission 3",How many points is a green victim worth?,How many points is a yellow victim worth?,How many points is a red victim worth?,When did you figure out the point value of the victims?,Did the point value of the two types of victims influence your search and rescue strategy?,Please briefly explain your selected choice in the previous question.,Did you find the device in any way to help you with the mission?,Please briefly explain your selected choice in the previous question.,What was your navigation strategy in mission 1?,What was your navigation strategy in mission 2?,What was your navigation strategy in mission 3?,Did your navigation strategy change over the time? Please explain.,Was the static map useful to you?,Please briefly explain your selected choice in the previous question.,Do you have a triage strategy over the types of victims? - Selected Choice,Do you have a triage strategy over the types of victims? - Other - Text,Did your rescue strategy change over the time? Please explain.,What did you learn about the game that you did not know before the missions?,Your age:,Your gender at birth:,What is your English proficiency level?,How long have you lived in the United States?,The highest education level you have achieved (or equivalent): - Selected Choice,The highest education level you have achieved (or equivalent): - Other level (please specify) - Text,Ethnicity: - Selected Choice,Ethnicity: - Other - Text,Please rate your comfort level with using computer programs.,"If you play computer games, when did you first start playing First-Person Action or Real-time Strategy games?","In a typical month, how often do you play First-Person Action or Real-time Strategy games?",How long do you play First-Person Action or Real-time Strategy games each time when you play?,"Of all the computer games you have played, please check all that apply. - Selected Choice","Of all the computer games you have played, please check all that apply. - Other type (please explain) - Text","Of all the games you have played, which specific ones are you particularly good at?",What First-Person Action or Real-time Strategy games are you currently playing the most?,Think for a moment about the people with whom you have played First-Person Action or Real-time Strategy games the most. Please check off one of these.,Referring to those people who are very good or good please check off which of these applies.,Have you ever participated in tournaments or competitions in First-Person Action and Real-time Strategy games?,"If you have participated, please list the tournaments or competitions in First-Person Action and Real-time Strategy games?","In those competitions, how many have you ever ""won"" or scored the top ten logged point value?",Pre-knowledge Score,Post-knowledge Score
"{""ImportId"":""startDate"",""timeZone"":""America/Denver""}","{""ImportId"":""endDate"",""timeZone"":""America/Denver""}","{""ImportId"":""status""}","{""ImportId"":""ipAddress""}","{""ImportId"":""progress""}","{""ImportId"":""duration""}","{""ImportId"":""finished""}","{""ImportId"":""recordedDate"",""timeZone"":""America/Denver""}","{""ImportId"":""_recordId""}","{""ImportId"":""recipientLastName""}","{""ImportId"":""recipientFirstName""}","{""ImportId"":""recipientEmail""}","{""ImportId"":""externalDataReference""}","{""ImportId"":""locationLatitude""}","{""ImportId"":""locationLongitude""}","{""ImportId"":""distributionChannel""}","{""ImportId"":""userLanguage""}","{""ImportId"":""QID16_TEXT""}","{""ImportId"":""QID53""}","{""ImportId"":""QID12_1""}","{""ImportId"":""QID12_2""}","{""ImportId"":""QID12_3""}","{""ImportId"":""QID12_4""}","{""ImportId"":""QID12_5""}","{""ImportId"":""QID12_6""}","{""ImportId"":""QID12_7""}","{""ImportId"":""QID12_8""}","{""ImportId"":""QID12_9""}","{""ImportId"":""QID12_10""}","{""ImportId"":""QID13_1""}","{""ImportId"":""QID13_2""}","{""ImportId"":""QID13_3""}","{""ImportId"":""QID13_4""}","{""ImportId"":""QID13_5""}","{""ImportId"":""QID13_6""}","{""ImportId"":""QID13_7""}","{""ImportId"":""QID13_8""}","{""ImportId"":""QID13_9""}","{""ImportId"":""QID13_10""}","{""ImportId"":""QID13_11""}","{""ImportId"":""QID13_12""}","{""ImportId"":""QID13_13""}","{""ImportId"":""QID13_14""}","{""ImportId"":""QID13_15""}","{""ImportId"":""QID18""}","{""ImportId"":""QID22""}","{""ImportId"":""QID24""}","{""ImportId"":""QID25""}","{""ImportId"":""QID26""}","{""ImportId"":""QID28""}","{""ImportId"":""QID29""}","{""ImportId"":""QID71""}","{""ImportId"":""QID31""}","{""ImportId"":""QID32""}","{""ImportId"":""QID33""}","{""ImportId"":""QID34""}","{""ImportId"":""QID65""}","{""ImportId"":""QID103_TEXT""}","{""ImportId"":""QID54""}","{""ImportId"":""QID109""}","{""ImportId"":""QID110_TEXT""}","{""ImportId"":""QID69""}","{""ImportId"":""QID115""}","{""ImportId"":""QID116_TEXT""}","{""ImportId"":""QID70""}","{""ImportId"":""QID83_1""}","{""ImportId"":""QID83_2""}","{""ImportId"":""QID83_3""}","{""ImportId"":""QID38""}","{""ImportId"":""QID39""}","{""ImportId"":""QID40""}","{""ImportId"":""QID131_TEXT""}","{""ImportId"":""QID84""}","{""ImportId"":""QID85_TEXT""}","{""ImportId"":""QID86""}","{""ImportId"":""QID87_TEXT""}","{""ImportId"":""QID120_TEXT""}","{""ImportId"":""QID127_TEXT""}","{""ImportId"":""QID122_TEXT""}","{""ImportId"":""QID123_TEXT""}","{""ImportId"":""QID42""}","{""ImportId"":""QID43_TEXT""}","{""ImportId"":""QID129""}","{""ImportId"":""QID129_4_TEXT""}","{""ImportId"":""QID130_TEXT""}","{""ImportId"":""QID45_TEXT""}","{""ImportId"":""QID1_TEXT""}","{""ImportId"":""QID2""}","{""ImportId"":""QID4""}","{""ImportId"":""QID5""}","{""ImportId"":""QID6""}","{""ImportId"":""QID6_8_TEXT""}","{""ImportId"":""QID8""}","{""ImportId"":""QID8_8_TEXT""}","{""ImportId"":""QID11""}","{""ImportId"":""QID89""}","{""ImportId"":""QID10""}","{""ImportId"":""QID106""}","{""ImportId"":""QID91""}","{""ImportId"":""QID91_14_TEXT""}","{""ImportId"":""QID92_TEXT""}","{""ImportId"":""QID93_TEXT""}","{""ImportId"":""QID141""}","{""ImportId"":""QID142""}","{""ImportId"":""QID143""}","{""ImportId"":""QID144_TEXT""}","{""ImportId"":""QID145_TEXT""}","{""ImportId"":""SC_0dFvjllRXQzBoYR""}","{""ImportId"":""SC_7QX4UMJTXCzvJad""}"
2020-05-15 15:14:54,2020-05-15 16:45:52,0,72.201.232.156,100,5458,1,2020-05-15 16:45:53,R_1M3vJ20kHpVQLXO,,,,,33.3428955078125,-111.63469696044921875,anonymous,EN,subject_id_000005,1,2,1,2,2,2,2,1,3,-99,2,4,2,2,3,3,3,1,5,2,3,4,5,6,5,4,4,1,3,1,4,2,1,1,2,3,1,3,-99,,5,,,7,,,7,6,6,6,3,4,1,,1,More points per second for yellow victims and they had a limited lifespan. I assumed there was enough time in the task to cover the entire map at least twice.,1,"The dog helped me prioritize which rooms to search when I was going through to find yellow victims. Once yellow victims were gone, it helped me know which rooms I had already searched (no barks).",,,,,1,"It gave me an idea of the general layout of the building. However, I could not remember specific details, only the main hallways and that there were some connections between rooms.",,,,"The dog appeared to bark when I walked in a room, not when it walked in a room, but I am not sure if it still needed to be close to me or not for that to work.

I found out that the map was not completely right.

I found out that it was easy to get lost and loose track of my location.",30,1,5,7,5,-99,1,-99,4,,4,,,,,,,,,,,55,20
2020-05-19 15:39:39,2020-05-19 17:01:49,0,149.169.53.208,100,4930,1,2020-05-19 17:01:50,R_31ML5SrHMX1Bhfj,,,,,33.3428955078125,-111.63469696044921875,anonymous,EN,subject_id_000006,2,5,6,6,5,5,6,6,6,6,6,2,6,2,1,6,6,3,7,2,1,4,6,7,1,7,1,1,3,1,4,2,1,1,3,2,,,1,I plan to the right side of the hall because there is some way to past to other room,5,,,7,,,7,7,7,7,3,4,1,,1,"before 500 seconds, I was trying to save victims that I can see, whatever is green or yellow. but when the time gets closer, I find out yellow victims are going to die, I start to focus on the yellow victims.",1,-99,,,,,2,there is more collapse in the building that the map doesn't show.,,,,the plan is not always in your plan.,18,1,2,6,2,-99,4,-99,4,2,,,"3,6,9",-99,Build,"Minecraft, league of legends",,,,,,50,20
2020-05-22 14:36:47,2020-05-22 15:56:25,0,24.56.44.97,100,4778,1,2020-05-22 15:56:26,R_1eRxdOU3y9UB0gH,,,,,33.3054046630859375,-111.7400970458984375,anonymous,EN,subject_id_000007,3,6,6,5,5,6,5,5,6,5,5,7,5,5,5,4,4,5,1,6,1,2,1,1,6,2,4,1,3,1,4,2,2,1,,,,,1,I wanted to find all the victims that were going to die first and then go back and get the victims that had no time limit.,6,,,,,,,,,,2,3,1,,2,"I was more focused on the victims status (critical vs non-critical) than point value.  ",2,I didn't really understand the purpose of the dog other than I had to have it on the whole mission.  It was caused more harm than help because it slowed me down.  I had to keep looking back to make sure I had the dog.,,,,,2,"I would say no, only because after seeing the first blockage I had to change my plan.  Thus, I completely disregarded my route planning and went to any room that I could find.  Once I found a room that was on the route, I eventually continued on the pre-planned route.  But at first the map did confused me more than help due to the blockages.",,,,"Nothing really, through the training missions and PowerPoints I was told what to expect.  The only new thing implemented was the fire blockages and room blockages in the environment.",22,1,3,7,5,-99,4,-99,3,3,,,"1,2",-99,Sports and 1st person shooter,Sports but barely play games anymore,,,,,,50,10
2020-06-03 14:08:45,2020-06-03 15:27:45,0,18.21.240.119,100,4739,1,2020-06-03 15:27:45,R_3g6CTtRb8NszJAh,,,,,42.364898681640625,-71.09870147705078125,anonymous,EN,subject_id_000008,1,6,6,6,6,6,6,6,6,6,6,7,3,7,7,7,2,5,2,7,4,5,5,6,7,2,4,1,3,1,"1,2,3",1,2,1,3,2,2,"1,3",1,"I plan to search the rooms in sequence and try to save all victims. but then I realized I can use the ""beep beep"" information to find the yellow victims first. I skipped several green ones and tried to find them after the yellow victims died",5,,,,,,,,,,3,4,1,,1,"I try to find doors with the yellow victims first but I won't just skip the green victims if they are in the same room with the yellow victims. after 5 minutes, I just search room by room to find all green victims",1,"in the first five minutes I use it to find rooms with yellow victims, in the later five minutes I use it to find rooms with victims",,,,,1,"there are times when I exit from a door that I didn't think I will exit from, so my previous plan is no longer applicable, so I can use the map to plan again.",,,,"I realized that I don't have to turn on the light to see pretty clearly, but I did miss some. I knew that the building has perturbations, which made me to change my plan",23,2,3,2,5,-99,4,-99,4,3,2,3,"1,3,8,9",-99,first person shooter,Minecraft,,,,,,80,20
2020-06-10 14:41:00,2020-06-10 16:08:48,0,50.47.106.42,100,5267,1,2020-06-10 16:08:48,R_3hEXU10BeEx6xc0,,,,,47.6721954345703125,-122.125701904296875,anonymous,EN,subject_id_000009,2,5,5,5,4,4,5,6,6,4,5,5,3,5,3,5,6,6,2,6,5,2,2,2,2,3,4,1,3,1,4,1,3,1,3,2,,,1,"Search for yellow victims more than green since they will die first, there are 8 total. Traverse through the map by trying not to repeat rooms more than once (left to right first, then return to the beginning rooms last). Count how many victims saved if possible to not look for victims that don't exist.",5,1,"This map is a lot bigger, so I will have to search a lot more quickly. Go through the outside parameters first, possibly checking the insides for yellow victims if possible. Then, return for the green victims, like before.",5,,,,4,5,-99,3,4,1,When I was told at the beginning,1,Focus on yellow victims since they output a higher point value per second and they die faster.,2,"I did not pay attention to the dog in the first mission. I noticed in the second mission more that the device helped me locate victims, but I did not use its information in any way. ","Search all rooms left to right for yellow victims first, then come back and save the green victims.","Search all rooms for yellow first, then come back for green. This changed halfway through when I realized that it would be hard to return to the places I was at before since the map is very different than what was given, so I saved anyone afterwards, especially when the rest of the yellow died. ",,"In mission 1, my strategy was more or less the same over time. I wasn't able to find 1 yellow victim, but when it was announced they died I found the green victims by backtracking the rooms again. In mission 2, I wasn't able to get through the map in time without multiple yellow victims dying, but when I realized they were dead by seeing a red victim I searched only for green victims. ",1,"The map helped me orientate myself within the mission, but it did not help me with the blockages. I was able to use the map to find out where I was and where I should go next.",1,-99,"For mission 1, I focused on yellow first then green. For mission 2, I focused initially on yellow, then realized the map was too big and I was getting lost on how to get to places, so I focused on both until yellow died, then I focused exclusively on green.","For mission 2, I would be needing to use a torch. For both missions, I did not know where the victims were and where the blockages were until I started the mission. and had to revise my mapping strategy accordingly depending on where I could access.",19,1,5,7,2,-99,4,-99,4,3,3,2,"1,2,3,4,5,6,7,8,9,10",-99,Puzzle,Minecraft,1,2,2,,,80,20
2020-06-12 11:24:33,2020-06-12 15:14:05,0,71.223.21.225,100,13772,1,2020-06-12 15:14:06,R_3dSsAiJJ3SlpYeO,,,,,33.4532012939453125,-112.074798583984375,anonymous,EN,subject_id_000010,1,6,5,4,3,4,3,5,5,5,5,6,-99,5,5,2,2,6,3,6,4,6,6,6,6,5,4,1,3,1,4,1,3,1,3,2,2,"1,3",1,"I think it is optimum, because I can visit all the rooms and collect more victims, in turn, more points in a short time.",7,2,,4,,,,7,7,7,3,4,1,-99,-99,-99,-99,-99,-99,-99,,-99,-99,-99,-99,-99,-99,-99,37,1,4,6,6,-99,1,-99,1,2,1,1,1,-99,backgammon,Rise of nations,2,2,1,backgammon tournament in Turkey,10,100,20
2020-06-16 15:02:30,2020-06-16 16:14:45,0,96.78.57.214,100,4335,1,2020-06-16 16:14:46,R_e8V99hISa2O0kUN,,,,,47.490203857421875,-122.3003997802734375,anonymous,EN,subject_id_000011,2,4,5,4,5,5,4,-99,6,5,5,6,6,3,5,2,5,3,5,3,5,3,3,6,2,5,4,1,3,1,4,1,2,1,2,1,,,1,"I drew out a systematic plan, with a line that indicated the path I would take on the map of the building before collapse",4,1,"I drew a path that I plan to follow on the building map, as in mission 1.",5,,,,3,5,-99,3,2,4,"To be honest I forgot what they were, I just remember yellow was worth more than red",2,"My philosophy was to try to save everyone, and since I was committed to that skipping any green victims would not have been efficient",2,I did not understand the beeps really,"Left side first, then right side","The hallway directly in front of me first, then the middle, then the rooms along the right side of the room",,"Yes, especially in mission 2, since I could not go all the way down the first hallway at the start",1,"It definitely helped me keep track of where I was, extremely useful",2,-99,"No, I was pretty much committed to saving whatever victim I saw the entire time",That there would be blockages along hallways and in doorways,19,1,5,7,2,-99,2,-99,4,3,5,1,"1,2,3,4,5,6,7,8,9,10",-99,"first person shooter, puzzle","Minecraft, COD: Warzone",1,2,2,,,60,10
2020-06-17 10:33:19,2020-06-17 12:19:33,0,69.122.234.64,100,6374,1,2020-06-17 12:19:34,R_2znyQtgWIp8XuO6,,,,,41.0641021728515625,-73.54799652099609375,anonymous,EN,subject_id_000012,3,6,6,5,4,5,4,6,5,4,5,7,6,3,7,4,5,4,3,5,4,4,2,2,4,3,4,1,3,1,4,1,3,1,,,,,1,"I picked a circular path to go to all of the hallways in the building. Plan is to go through the path once, rescue all yellow victims and identify which rooms are left containing green victims (I'll use the torch on the wall or leave the room door open). Then I'll go through the path a second time and get the green victims ",6,1,"Plan similar to first experiment, but this time I will rescue yellow and green in the right portion of the map on the first run, because I feel it would be time-consuming to return to those rooms in the second run.
Also now I am aware the building might have some destroyed/blocked walls so I feel more prepared to change routes if needed.",6,,,,5,7,-99,3,4,1,Never took notice of the point system,2,I was too busy attempting to follow my strategy that I did not take notice of the point system. Hopefully the yellow victims were actually worth more because I anticipated that with my strategy.,1,"In mission 1 I found myself too focused on my strategy to take notice the beeping device. In mission 2 I recognized how useful it was and actively employed it. It surely saved me time by not having to step into rooms that received no beeps, and identifying which rooms gave 2 beeps for the yellow victims.","Circle around the map once, rescuing all yellow victims, then backtracking once 5 minutes was over and trying to find all the green victims. I ended up not following my ""circular"" path after 5 minutes though, it was more of a random frenzy.","Circle around the map once, but following my notes less and relying on my in-game awareness more because many paths were blocked by the destruction. Use the beeps to identify which rooms contained yellow victims and rescue them. (Also in the right wing I grabbed a couple green victims that were conveniently located, just to get them out of the way.) After 5 minutes I tried to backtrack and find the remaining green victims using the beeps.",,"Yes - (1) after realization that the destruction may obstruct my planned path, I relied more on my in-game awareness and I think it helped me backtrack to find the remaining green victims better. (2) I became aware of what the beeps represent, and realized it immensely helped me in finding which rooms the victims were located in.",1,"Although the destruction certainly changed the paths available to me, it certainly contributed to my in-game awareness, i.e. when the in-game interlocutor asked me where I was on the map, I could answer easily. But I found my annotations on top of the map of little use.",1,-99,Not really - except in experiment 2 I rescued a couple green victims before the 5 minute mark if it was immediately convenient for me.,"I assumed that the yellow victims were of greater importance because they died within 5 minutes. Therefore I prioritized them over the green victims because I thought they were worth more points. (But I should have double-checked in-game by looking at my points meter, which I forgot to do.)",20,1,5,7,2,-99,4,-99,4,3,4,2,"1,2,3,4,6",-99,Call of duty: Modern Warfare/Warzone (popular shooting game right now),Call of Duty: Modern Warfare/Warzone (first person shooter game),1,2,2,,,70,20
2020-06-18 09:35:27,2020-06-18 10:49:39,0,98.229.212.24,100,4451,1,2020-06-18 10:49:39,R_3I3MIJs9WBjbPPD,,,,,42.0648040771484375,-71.250396728515625,anonymous,EN,subject_id_000013,1,5,3,6,6,4,6,6,6,6,6,4,3,5,4,3,3,3,4,5,7,5,2,2,5,3,4,1,3,1,4,1,3,1,4,2,2,"1,3",1,"Go along my chosen path, rescuing any participants in any room I enter. I'll only enter rooms that have yellow though until the 5 minutes are up",5,1,"follow the course I made.... I'm guessing now that there's going to be blocked paths, so i'll deal with those as they occur. Yellow first as I said before",6,,,,4,6,-99,3,5,1,the beginning?,2,"I want to get them all.... so their worth doesn't matter. The fact remains that yellow dies first, so yellow is rescued first.",1,I didn't enter rooms which didn't double beep in the first 5 minutes,"I had a path and I followed it until it became clear there were roadblocks, then I winged it","Same as the previous question- I had a path and I followed it until it became clear there were roadblocks, then I winged it",,Yes- I had to adapt to finding unforeseen roadblocks,1,I used it so I didn't have to rely on my memory of the map in my head,1,-99,"Focus on yellow until I found them all / time was up (5 minutes), then focus on green",there were roadblocks,20,1,5,7,2,-99,7,-99,4,3,1,2,"1,3,4,7,8,9,10",-99,Turn bases stratagy,Minecraft,1,2,2,,,110,30
2020-06-18 15:33:11,2020-06-18 17:22:57,0,162.250.92.99,100,6586,1,2020-06-18 17:22:58,R_25L83n27aQPyHjY,,,,,34.032196044921875,-118.283599853515625,anonymous,EN,subject_id_000014,2,4,5,4,4,4,6,6,2,3,6,7,3,6,7,5,2,5,2,6,5,4,2,2,6,2,4,1,3,1,4,1,3,1,4,2,,,1,I draw a path on the map that visits all rooms in sequence,4,1,Visit every room in order,5,,,,2,5,0,3,5,6,The Instruction says so,1,"Yellow victims worth more points and I have a limited amount of time to rescue them, so I search for them first.",1,"Double Beep means a yellow victim is in the room.
Single Beep means a green victim is in the room.
When searching for the yellow one, I can just pass the door without going in to save time.
Also, for rooms that don't have any victims in, I can skip them when no Beep shows up.","I planed a depth-first search for navigation before the mission and follow the drawn map while I traverse the map. When observing that there is definitely not enough time to rescue the rest yellow victims, I prioritized them.","Similar to that in mission 1, but this time I did a real-time depth-first search when I am inside the map. I did not rely too much on the path I drew on map given before the onset on the mission",,"Yes, I noticed that the real situation is different from the map provided before the mission. (Observing that the map is not 100% accurate and obstacles exist in mission 1 where the drawn map did not indicate so) I did not rely too much on the path I planned. I planed my path when I an in the game realtime.",1,"They are helpful in the sense that the overall building and individual rooms structure are accurately represented so that I can locate myself based on the surrounding environment.

They are also misleading because some barriers are not indicated in the static map.",1,-99,"I tried to rescue those victims in the order of who I see first. But I realized quickly that such a strategy would not work if I want to save as many yellow victims as possible, so I prioritized them.","1. The real situation might differ from the plan. (Obstacles exist without the static map indicate so. Also, a torch was given during training but not given during the mission) I need to improvise based on the real situation.
2. The meaning of the device (Beep: green victim exist; Beep-Beep: yellow victim exist)
",21,1,3,4,2,-99,4,-99,4,3,4,1,"1,3,4,6,7,9",-99,First person shooter,Counter-Strike: Global Offensive,1,2,2,,,90,20
2020-06-22 10:17:14,2020-06-22 11:33:48,0,74.109.245.247,100,4593,1,2020-06-22 11:33:48,R_1QKmwEMIZl9DsLT,,,,,40.472503662109375,-79.91089630126953125,anonymous,EN,subject_id_000015,3,4,6,5,4,5,5,6,6,5,6,6,3,6,5,4,5,4,6,6,5,4,6,5,3,3,4,1,3,1,4,1,3,1,,,,,1,My goal is to create a loop that I can complete effectively twice that covers as much ground as possible. My goal is to save as many of the yellow survivors first then go back and save the green.,5,1,My plan is going to be similar to the first mission. Now that I am aware of how the rubble works I will be able to adapt better (hopefully) my main issue is still with the latency as I am so sensitive to it.,4,,,,5,4,-99,6,6,1,I remember reading it in the presentation but I just skimmed over it. Either way the way to maximize points is to maximize the number of people you can save.,2,Either way the way to maximize points is to save the most people possible. Given that the more important issue was the timed death of the yellow victims.,1,It was helpful once I figured out what it did and how it worked. I anticipate a more sophisticated device could be made that also tracked location.,My navigation strategy in mission 1 was to go through and find as many yellow victims as possible then go back and find the green victims second.,It was the same for mission 1 but better executed now that I had a better handle on the idea.,,My navigation strategy did change once I got more comfortable with the rubble blocking off main archways.,1,It was not super helpful but did help give me a sense of direction. I wish the map could be edited during the mission.,1,-99,It did not change over time.,The rubble blocking doors or hallways I did not expect for some reason.,22,1,5,7,4,-99,1,-99,4,3,5,2,"1,2,3,4,5,8,9,11","MOBAs, especially League of Legends",League of legends and First Person Shooters,"Warframe (FPS), League of Legends (MOBA), some Minecraft, Borderlands(FPS), Destiny 2 (FPS), Witcher 3 (RPG)",1,3,2,,,70,10
2020-06-24 16:34:22,2020-06-24 18:42:19,0,184.98.138.63,100,7677,1,2020-06-24 18:42:20,R_UhB4H0WZzjgBV7z,,,,,33.3054046630859375,-111.7400970458984375,anonymous,EN,subject_id_000016,1,5,5,3,5,6,4,5,6,6,6,7,2,7,7,5,2,7,2,7,2,2,7,2,5,2,4,1,3,2,4,1,2,1,4,2,2,"1,3",1,"I will try to follow the plan which I created, but it might have some changes.",7,1,I will follow the order which I have already drawn mission,7,,,,5,7,-99,3,5,1,In the training I believe,2,I believe that: time is matter and searching takes more time. Therefore I saved any victim when I came across,2,-99,Go through all the rooms by less time,Go through all the rooms by less time,,No,2,"I did not really use the map, because it was very small.",2,-99,No,F button,38,1,4,6,6,-99,1,-99,4,3,1,3,"7,9",-99,Rise of Nations,Rise of Nations,1,2,2,,,90,30
